{
    "rmse": 0.7672013015263646,
    "mae": 0.5987146399193037,
    "r2": 0.15428307473149527
}